{"cartas":{"18":{"numero":18,"sigla_edicao":"mbp","edicao":"Media Inserts","cod":"18mbpjp","idioma":"jp","nome":"\u7279\u52d9\u9b54\u9053\u58eb\u30e4\u30e4\u30fb\u30d0\u30e9\u30fc\u30c9","ataque":"2","resistencia":"2","lealdade":"","mana":"1RR","mana_convertida":"3","raridade":"Special","artista":"Matt Cavotta","link":"http:\/\/magiccards.info\/mbp\/jp\/18.html","imagem_src":"http:\/\/magiccards.info\/scans\/jp\/mbp\/18.jpg","imagem_local":"mbp\/jp\/18.jpg","descricao":"{R}, {T}, \u30ab\u30fc\u30c9\u3092\uff11\u679a\u6368\u3066\u308b\uff1a\u9752\u306e\u30d1\u30fc\u30de\u30cd\u30f3\u30c8\uff11\u3064\u3092\u5bfe\u8c61\u3068\u3057\u3001\u305d\u308c\u3092\u7834\u58ca\u3059\u308b\u3002\r\n\r\n{1}{R}, {T}, \u30ab\u30fc\u30c9\u3092\uff11\u679a\u6368\u3066\u308b\uff1a\u30af\u30ea\u30fc\u30c1\u30e3\u30fc\uff11\u4f53\u304b\u30d7\u30ec\u30a4\u30e4\u30fc\uff11\u4eba\u3092\u5bfe\u8c61\u3068\u3059\u308b\u3002\u7279\u52d9\u9b54\u9053\u58eb\u30e4\u30e4\u30fb\u30d0\u30e9\u30fc\u30c9\u306f\u305d\u308c\u306b\uff13\u70b9\u306e\u30c0\u30e1\u30fc\u30b8\u3092\u4e0e\u3048\u308b\u3002 \u3053\u306e\u30bf\u30fc\u30f3\u3001\u3053\u308c\u306b\u3088\u308a\u30c0\u30e1\u30fc\u30b8\u3092\u4e0e\u3048\u3089\u308c\u305f\u30af\u30ea\u30fc\u30c1\u30e3\u30fc\u306f\u518d\u751f\u3067\u304d\u306a\u3044\u3002\r\n\r\n{5}{R}{R}, {T}, \u30ab\u30fc\u30c9\u3092\uff11\u679a\u6368\u3066\u308b\uff1a\u7279\u52d9\u9b54\u9053\u58eb\u30e4\u30e4\u30fb\u30d0\u30e9\u30fc\u30c9\u306f\u3001\u5404\u30af\u30ea\u30fc\u30c1\u30e3\u30fc\u3068\u5404\u30d7\u30ec\u30a4\u30e4\u30fc\u306b\uff16\u70b9\u306e\u30c0\u30e1\u30fc\u30b8\u3092\u4e0e\u3048\u308b\u3002","texto":"","tipos":["\u4f1d\u8aac\u306e\u30af\u30ea\u30fc\u30c1\u30e3\u30fc","\u4eba\u9593","\u30b9\u30da\u30eb\u30b7\u30a7\u30a4\u30d1\u30fc"],"legalidade":["Legal in Vintage (Type 1)","Legal in Legacy (Type 1.5)","Legal in Classic (MTGO)","Legal in Commander","Legal in Modern"],"regras":[""]},"23":{"numero":23,"sigla_edicao":"mbp","edicao":"Media Inserts","cod":"23mbpjp","idioma":"jp","nome":"\u5929\u754c\u306e\u5217\u67f1","ataque":"","resistencia":"","lealdade":"","mana":"","mana_convertida":"","raridade":"Special","artista":"Kekai Kotaki","link":"http:\/\/magiccards.info\/mbp\/jp\/23.html","imagem_src":"http:\/\/magiccards.info\/scans\/jp\/mbp\/23.jpg","imagem_local":"mbp\/jp\/23.jpg","descricao":"\u5929\u754c\u306e\u5217\u67f1\u306f\u30bf\u30c3\u30d7\u72b6\u614b\u3067\u6226\u5834\u306b\u51fa\u308b\u3002\r\n\r\n{T}\uff1a\u3042\u306a\u305f\u306e\u30de\u30ca\u30fb\u30d7\u30fc\u30eb\u306b{W}\u304b{U}\u3092\u52a0\u3048\u308b\u3002\r\n\r\n{3}{W}{U}\uff1a\u30bf\u30fc\u30f3\u7d42\u4e86\u6642\u307e\u3067\u3001\u5929\u754c\u306e\u5217\u67f1\u306f\u98db\u884c\u3068\u8b66\u6212\u3092\u6301\u3064\u767d\u3067\u3042\u308a\u9752\u3067\u3042\u308b\uff14\/\uff14\u306e\u30a8\u30ec\u30e1\u30f3\u30bf\u30eb\u30fb\u30af\u30ea\u30fc\u30c1\u30e3\u30fc\u306b\u306a\u308b\u3002 \u305d\u308c\u306f\u571f\u5730\u3067\u3082\u3042\u308b\u3002","texto":"","tipos":["\u571f\u5730"],"legalidade":["Legal in Vintage (Type 1)","Legal in Legacy (Type 1.5)","Legal in Classic (MTGO)","Legal in Commander","Legal in Modern"],"regras":[{"data":"3\/1\/2010","texto":" A land that becomes a creature may be affected by \"summoning sickness.\" You can't attack with it or use any of its {T} abilities (including its mana abilities) unless it began your most recent turn on the battlefield under your control. Note that summoning sickness cares about when that permanent came under your control, not when it became a creature."},{"data":"3\/1\/2010","texto":" When a land becomes a creature, that doesn't count as having a creature enter the battlefield. The permanent was already on the battlefield; it only changed its types. Abilities that trigger whenever a creature enters the battlefield won't trigger."},{"data":"3\/1\/2010","texto":" The enchanted permanent will be both a land and a creature and can be affected by anything that affects either a land or a creature."},{"data":"3\/1\/2010","texto":" When a land becomes a creature, that doesn't count as having a creature enter the battlefield. The permanent was already on the battlefield; it only changed its types. Abilities that trigger whenever a creature enters the battlefield won't trigger."},{"data":"3\/1\/2010","texto":" An attacking or blocking creature that stops being a creature is removed from combat. This can happen if a Zendikon enchanting an attacking or blocking creature leaves the battlefield, for example. The permanent that was removed from combat neither deals nor is dealt combat damage. Any attacking creature that the land creature was blocking remains blocked, however."},{"data":"3\/1\/2010","texto":" An ability that turns a land into a creature also sets that creature's power and toughness. If the land was already a creature (due to a Zendikon already enchanting it or its animation ability resolving earlier in the turn, for example), this will overwrite the previous effect that set its power and toughness. Effects that modified its power or toughness, such as the effects of Disfigure or Glorious Anthem, will continue to apply, no matter when they started to take effect. The same is true for counters that change its power or toughness (such as +1\/+1 counters) and effects that switch its power and toughness."},{"data":"3\/1\/2010","texto":" If a Zendikon and the land it's enchanting are destroyed at the same time (due to Akroma's Vengeance, for example), the Zendikon's last ability will still trigger."},{"data":"3\/1\/2010","texto":" If a Zendikon's last ability triggers, but the land card it refers to leaves the graveyard before it resolves, it will resolve but do nothing."}]},"26":{"numero":26,"sigla_edicao":"mbp","edicao":"Media Inserts","cod":"26mbpjp","idioma":"jp","nome":"\u30b0\u30fc\u30eb\u30fb\u30c9\u30e9\u30ba\u306e\u6697\u6bba\u8005","ataque":"1","resistencia":"1","lealdade":"","mana":"B","mana_convertida":"1","raridade":"Special","artista":"Jason A. Engle","link":"http:\/\/magiccards.info\/mbp\/jp\/26.html","imagem_src":"http:\/\/magiccards.info\/scans\/jp\/mbp\/26.jpg","imagem_local":"mbp\/jp\/26.jpg","descricao":"Lv\u30a2\u30c3\u30d7 {1}{B} ({1}{B}\uff1a\u3053\u306e\u4e0a\u306bLv\u30ab\u30a6\u30f3\u30bf\u30fc\u3092\uff11\u500b\u7f6e\u304f\u3002 Lv\u30a2\u30c3\u30d7\u306f\u30bd\u30fc\u30b5\u30ea\u30fc\u3068\u3057\u3066\u306e\u307f\u884c\u3046\u3002\uff09\r\n\r\nLv 2-3\r\n\r\n2\/2\r\n\r\n{B}, {T}\uff1a\u30af\u30ea\u30fc\u30c1\u30e3\u30fc\uff11\u4f53\u3092\u5bfe\u8c61\u3068\u3059\u308b\u3002\u305d\u308c\u306f\u30bf\u30fc\u30f3\u7d42\u4e86\u6642\u307e\u3067\uff0d\uff12\/\uff0d\uff12\u306e\u4fee\u6574\u3092\u53d7\u3051\u308b\u3002\r\n\r\nLv 4+\r\n\r\n4\/4\r\n\r\n{B}, {T}\uff1a\u30af\u30ea\u30fc\u30c1\u30e3\u30fc\uff11\u4f53\u3092\u5bfe\u8c61\u3068\u3059\u308b\u3002\u305d\u308c\u306f\u30bf\u30fc\u30f3\u7d42\u4e86\u6642\u307e\u3067\uff0d\uff14\/\uff0d\uff14\u306e\u4fee\u6574\u3092\u53d7\u3051\u308b\u3002","texto":"","tipos":["\u30af\u30ea\u30fc\u30c1\u30e3\u30fc","\u5438\u8840\u9b3c","\u6697\u6bba\u8005"],"legalidade":["Legal in Vintage (Type 1)","Legal in Legacy (Type 1.5)","Legal in Classic (MTGO)","Legal in Commander","Legal in Modern"],"regras":[{"data":"6\/15\/2010","texto":" The abilities a leveler grants to itself don't overwrite any other  abilities it may have. In particular, they don't overwrite the  creature's level up ability; it always has that."},{"data":"6\/15\/2010","texto":" Effects that set a leveler's power or toughness to a specific value,  including the effects from a level symbol's ability, apply in timestamp  order. The timestamp of each level symbol's ability is the same as the  timestamp of the leveler itself, regardless of when the most recent  level counter was put on it."},{"data":"6\/15\/2010","texto":" Effects that modify a leveler's power or toughness, such as the  effects of Giant Growth or Glorious Anthem, will apply to it no matter  when they started to take effect. The same is true for counters that  change the creature's power or toughness (such as +1\/+1 counters) and  effects that switch its power and toughness."},{"data":"6\/15\/2010","texto":" If another creature becomes a copy of a leveler, all of the leveler's  printed abilities -- including those represented by level symbols -- are  copied. The current characteristics of the leveler, and the number of  level counters on it, are not. The abilities, power, and toughness of  the copy will be determined based on how many level counters are on the  copy."},{"data":"6\/15\/2010","texto":" A creature's level is based on how many level counters it has on it,  not how many times its level up ability has been activated or has  resolved. If a leveler gets level counters due to some other effect  (such as Clockspinning) or loses level counters for some reason (such as  Vampire Hexmage), its level is changed accordingly."}]},"28":{"numero":28,"sigla_edicao":"mbp","edicao":"Media Inserts","cod":"28mbpjp","idioma":"jp","nome":"\u6975\u697d\u9ce5","ataque":"0","resistencia":"1","lealdade":"","mana":"G","mana_convertida":"1","raridade":"Special","artista":"Terese Nielsen","link":"http:\/\/magiccards.info\/mbp\/jp\/28.html","imagem_src":"http:\/\/magiccards.info\/scans\/jp\/mbp\/28.jpg","imagem_local":"mbp\/jp\/28.jpg","descricao":"\u98db\u884c\r\n\r\n{T}\uff1a\u3042\u306a\u305f\u306e\u30de\u30ca\u30fb\u30d7\u30fc\u30eb\u306b\u3001\u597d\u304d\u306a\u8272\uff11\u8272\u306e\u30de\u30ca\uff11\u70b9\u3092\u52a0\u3048\u308b\u3002","texto":"\u300c\u795e\u69d8\u306f\u305d\u306e\u9ce5\u306e\u7fbd\u6839\u3067\u3001\u4e16\u754c\u4e2d\u306e\u8272\u3092\u5857\u308a\u4e0a\u3052\u305f\u306e\u3067\u3059\u3002\u300d\u2015\u2015\u30b0\u30e9\u30de\u30fc\u68ee\u306e\u4fdd\u8b77\u8005\u3001\u30a4\u30a7\u30a4\u30e9\uff1d\u30c6\u30a3\u30f4\u30a1","tipos":["\u9ce5","\u30af\u30ea\u30fc\u30c1\u30e3\u30fc"],"legalidade":["Legal in Vintage (Type 1)","Legal in Legacy (Type 1.5)","Legal in Extended (Type 1.X)","Legal in Classic (MTGO)","Legal in Commander","Legal in Modern"],"regras":[""]},"29":{"numero":29,"sigla_edicao":"mbp","edicao":"Media Inserts","cod":"29mbpjp","idioma":"jp","nome":"\u8a18\u61b6\u6bba\u3057","ataque":"","resistencia":"","lealdade":"","mana":"3B","mana_convertida":"4","raridade":"Special","artista":"Erica Yang","link":"http:\/\/magiccards.info\/mbp\/jp\/29.html","imagem_src":"http:\/\/magiccards.info\/scans\/jp\/mbp\/29.jpg","imagem_local":"mbp\/jp\/29.jpg","descricao":"\u30d7\u30ec\u30a4\u30e4\u30fc\uff11\u4eba\u3092\u5bfe\u8c61\u3068\u3059\u308b\u3002\u571f\u5730\u3067\u306a\u3044\u30ab\u30fc\u30c9\u540d\u3092\uff11\u3064\u6307\u5b9a\u3059\u308b\u3002 \u305d\u306e\u30d7\u30ec\u30a4\u30e4\u30fc\u306e\u5893\u5730\u3068\u624b\u672d\u3068\u30e9\u30a4\u30d6\u30e9\u30ea\u30fc\u304b\u3089\u3001\u305d\u306e\u540d\u524d\u3092\u6301\u3064\u30ab\u30fc\u30c9\u3092\u671b\u3080\u679a\u6570\u63a2\u3057\u3001\u305d\u308c\u3089\u3092\u8ffd\u653e\u3059\u308b\u3002 \u305d\u306e\u5f8c\u3001\u305d\u306e\u30d7\u30ec\u30a4\u30e4\u30fc\u306f\u81ea\u5206\u306e\u30e9\u30a4\u30d6\u30e9\u30ea\u30fc\u3092\u5207\u308a\u76f4\u3059\u3002","texto":"\u300c\u77e5\u6075\u304c\u3042\u308a\u305d\u3046\u3060\u3051\u3069\u3001\u79c1\u306b\u898b\u3048\u308b\u306e\u306f\u8da3\u5473\u306e\u60aa\u3044\u9858\u3044\u3060\u3051\u3060\u306d\u3002\u300d","tipos":["\u30bd\u30fc\u30b5\u30ea\u30fc"],"legalidade":["Legal in Vintage (Type 1)","Legal in Legacy (Type 1.5)","Legal in Extended (Type 1.X)","Legal in Classic (MTGO)","Legal in Commander","Legal in Modern"],"regras":[{"data":"1\/1\/2011","texto":" Because you're searching for \"any number\" of cards with the chosen name, you can opt to find all of them, none of them, or any number in between. That means you may leave any cards with that name in that target's graveyard, hand, and\/or library."}]}}}