{"cartas":{"1":{"numero":1,"sigla_edicao":"mbp","edicao":"Media Inserts","cod":"1mbpfr","idioma":"fr","nome":"Ar\u00e9ne","ataque":"","resistencia":"","lealdade":"","mana":"","mana_convertida":"","raridade":"Special","artista":"Rob Alexander","link":"http:\/\/magiccards.info\/mbp\/fr\/1.html","imagem_src":"http:\/\/magiccards.info\/scans\/fr\/mbp\/1.jpg","imagem_local":"mbp\/fr\/1.jpg","descricao":"{3}, {T}: Tap target creature you control and target creature of an opponent's choice he or she controls. Those creatures fight each other. (Each deals damage equal to its power to the other.)","texto":"","tipos":["Terrain"],"legalidade":["Legal in Vintage (Type 1)","Legal in Legacy (Type 1.5)","Legal in Classic (MTGO)","Legal in Commander","Legal in Modern"],"regras":[{"data":"10\/4\/2004","texto":" The power of the creatures when the effect resolves is used to determine how much damage is done."},{"data":"10\/4\/2004","texto":" In multiplayer games, you can choose a different opposing player each time it the ability is activated."},{"data":"10\/4\/2004","texto":" Either or both creatures can be tapped prior to using the ability and it still works."},{"data":"9\/25\/2006","texto":" If either target is illegal at the time the ability resolves (whether because it has left the battlefield, because it has gained Shroud or Protection, or for any other reason), the ability taps the remaining target, but no damage is dealt. If both targets are illegal, the ability is countered."}]},"2":{"numero":2,"sigla_edicao":"mbp","edicao":"Media Inserts","cod":"2mbpfr","idioma":"fr","nome":"\u00c9gouts d'Estark","ataque":"","resistencia":"","lealdade":"","mana":"2BB","mana_convertida":"4","raridade":"Special","artista":"Melissa Benson","link":"http:\/\/magiccards.info\/mbp\/fr\/2.html","imagem_src":"http:\/\/magiccards.info\/scans\/fr\/mbp\/2.jpg","imagem_local":"mbp\/fr\/2.jpg","descricao":"Choose target creature. If it's attacking, it can't be blocked this turn. If it's blocking, prevent all combat damage that would be dealt this combat by it and each creature it's blocking.","texto":"","tipos":["\u00c9ph\u00e9m\u00e8re"],"legalidade":["Legal in Vintage (Type 1)","Legal in Legacy (Type 1.5)","Legal in Classic (MTGO)","Legal in Commander"],"regras":[{"data":"8\/1\/2008","texto":" This spell can target any creature. The check for whether that creature is attacking or blocking made on resolution, and it will have the appropriate effect at that time."},{"data":"8\/1\/2008","texto":" If the creature is neither an attacking creature nor a blocking creature at the time the spell resolves, it will have no effect."}]},"6":{"numero":6,"sigla_edicao":"mbp","edicao":"Media Inserts","cod":"6mbpfr","idioma":"fr","nome":"Crypte de mana","ataque":"","resistencia":"","lealdade":"","mana":"0","mana_convertida":"","raridade":"Special","artista":"Mark Tedin","link":"http:\/\/magiccards.info\/mbp\/fr\/6.html","imagem_src":"http:\/\/magiccards.info\/scans\/fr\/mbp\/6.jpg","imagem_local":"mbp\/fr\/6.jpg","descricao":"At the beginning of your upkeep, flip a coin. If you lose the flip, Mana Crypt deals 3 damage to you.\r\n\r\n{T}: Add {2} to your mana pool.","texto":"","tipos":["Artefact"],"legalidade":["Restricted in Vintage (Type 1)","Banned in Legacy (Type 1.5)","Restricted in Classic (MTGO)","Legal in Commander"],"regras":[""]},"7":{"numero":7,"sigla_edicao":"mbp","edicao":"Media Inserts","cod":"7mbpfr","idioma":"fr","nome":"Centaure Cherchevent","ataque":"2","resistencia":"2","lealdade":"","mana":"1RR","mana_convertida":"3","raridade":"Special","artista":"Anson Maddocks","link":"http:\/\/magiccards.info\/mbp\/fr\/7.html","imagem_src":"http:\/\/magiccards.info\/scans\/fr\/mbp\/7.jpg","imagem_local":"mbp\/fr\/7.jpg","descricao":"Vigilance","texto":"La tribu des Cherchevents, \u00e0 la recherche de batailles passionn\u00e9es mais loyales, parcourt les Vertes Terres, non loin de la Mer de miel.","tipos":["Invoquer:centaure"],"legalidade":["Legal in Vintage (Type 1)","Legal in Legacy (Type 1.5)","Legal in Classic (MTGO)","Legal in Commander"],"regras":[""]},"8":{"numero":8,"sigla_edicao":"mbp","edicao":"Media Inserts","cod":"8mbpfr","idioma":"fr","nome":"Blaireau g\u00e9ant","ataque":"2","resistencia":"2","lealdade":"","mana":"1GG","mana_convertida":"3","raridade":"Special","artista":"Liz Danforth","link":"http:\/\/magiccards.info\/mbp\/fr\/8.html","imagem_src":"http:\/\/magiccards.info\/scans\/fr\/mbp\/8.jpg","imagem_local":"mbp\/fr\/8.jpg","descricao":"\u00c0 chaque fois que le Blaireau g\u00e9ant bloque, il gagne +2\/+2 jusqu'\u00e0 la fin du tour.","texto":"Lors d'une bataille contre Karli, un mage du d\u00e9sert, la magicienne Vertemanche appela \u00e0 son aide un blaireau g\u00e9ant.","tipos":["blaireau","Invoquer:"],"legalidade":["Legal in Vintage (Type 1)","Legal in Legacy (Type 1.5)","Legal in Classic (MTGO)","Legal in Commander","Legal in Modern"],"regras":[""]}}}