{"cartas":{"1":{"numero":1,"sigla_edicao":"mbp","edicao":"Media Inserts","cod":"1mbpit","idioma":"it","nome":"Arena","ataque":"","resistencia":"","lealdade":"","mana":"","mana_convertida":"","raridade":"Special","artista":"Rob Alexander","link":"http:\/\/magiccards.info\/mbp\/it\/1.html","imagem_src":"http:\/\/magiccards.info\/scans\/it\/mbp\/1.jpg","imagem_local":"mbp\/it\/1.jpg","descricao":"{3}, {T}: Tap target creature you control and target creature of an opponent's choice he or she controls. Each of those creatures deals damage equal to its power to the other.","texto":"","tipos":["Land"],"legalidade":["Legal in Vintage (Type 1)","Legal in Legacy (Type 1.5)","Legal in Classic (MTGO)","Legal in Commander","Legal in Modern"],"regras":[{"data":"10\/4\/2004","texto":" The power of the creatures when the effect resolves is used to determine how much damage is done."},{"data":"10\/4\/2004","texto":" In multiplayer games, you can choose a different opposing player each time it the ability is activated."},{"data":"10\/4\/2004","texto":" Either or both creatures can be tapped prior to using the ability and it still works."},{"data":"9\/25\/2006","texto":" If either target is illegal at the time the ability resolves (whether because it has left the battlefield, because it has gained Shroud or Protection, or for any other reason), the ability taps the remaining target, but no damage is dealt. If both targets are illegal, the ability is countered."}]},"2":{"numero":2,"sigla_edicao":"mbp","edicao":"Media Inserts","cod":"2mbpit","idioma":"it","nome":"Fogne di Estark","ataque":"","resistencia":"","lealdade":"","mana":"2BB","mana_convertida":"4","raridade":"Special","artista":"Melissa Benson","link":"http:\/\/magiccards.info\/mbp\/it\/2.html","imagem_src":"http:\/\/magiccards.info\/scans\/it\/mbp\/2.jpg","imagem_local":"mbp\/it\/2.jpg","descricao":"Choose target creature. If it's attacking, it can't be blocked this turn. If it's blocking, prevent all combat damage that would be dealt this combat by it and each creature it's blocking.","texto":"","tipos":["Instant"],"legalidade":["Legal in Vintage (Type 1)","Legal in Legacy (Type 1.5)","Legal in Classic (MTGO)","Legal in Commander"],"regras":[{"data":"8\/1\/2008","texto":" This spell can target any creature. The check for whether that creature is attacking or blocking made on resolution, and it will have the appropriate effect at that time."},{"data":"8\/1\/2008","texto":" If the creature is neither an attacking creature nor a blocking creature at the time the spell resolves, it will have no effect."}]},"7":{"numero":7,"sigla_edicao":"mbp","edicao":"Media Inserts","cod":"7mbpit","idioma":"it","nome":"Centauro Cacciatore dei Venti","ataque":"2","resistencia":"2","lealdade":"","mana":"1RR","mana_convertida":"3","raridade":"Special","artista":"Anson Maddocks","link":"http:\/\/magiccards.info\/mbp\/it\/7.html","imagem_src":"http:\/\/magiccards.info\/scans\/it\/mbp\/7.jpg","imagem_local":"mbp\/it\/7.jpg","descricao":"Vigilance","texto":"Leale e fiera in battaglia, la trib\u00f9 dei Cacciatori dei Venti galoppa nelle Terre Verdi, nei pressi del Mare di Miele.","tipos":["Centaur","Creature"],"legalidade":["Legal in Vintage (Type 1)","Legal in Legacy (Type 1.5)","Legal in Classic (MTGO)","Legal in Commander"],"regras":[""]},"26":{"numero":26,"sigla_edicao":"mbp","edicao":"Media Inserts","cod":"26mbpit","idioma":"it","nome":"Assassino di Guul Draz","ataque":"1","resistencia":"1","lealdade":"","mana":"B","mana_convertida":"1","raridade":"Special","artista":"Jason A. Engle","link":"http:\/\/magiccards.info\/mbp\/it\/26.html","imagem_src":"http:\/\/magiccards.info\/scans\/it\/mbp\/26.jpg","imagem_local":"mbp\/it\/26.jpg","descricao":"Aumentare di livello {1}{B} ({1}{B}: Metti un segnalino livello su questa creatura. Aumenta di livello solo quando potresti lanciare una stregoneria.)\r\n\r\nLIVELLO 2-3\r\n\r\n2\/2\r\n\r\n{B}, {T}: Una creatura bersaglio prende -2\/-2 fino alla fine del turno.\r\n\r\nLIVELLO 4+\r\n\r\n4\/4\r\n\r\n{B}, {T}: Una creatura bersaglio prende -4\/-4 fino alla fine del turno.","texto":"","tipos":["Vampiro","Assassino","Creatura"],"legalidade":["Legal in Vintage (Type 1)","Legal in Legacy (Type 1.5)","Legal in Classic (MTGO)","Legal in Commander","Legal in Modern"],"regras":[{"data":"6\/15\/2010","texto":" The abilities a leveler grants to itself don't overwrite any other  abilities it may have. In particular, they don't overwrite the  creature's level up ability; it always has that."},{"data":"6\/15\/2010","texto":" Effects that set a leveler's power or toughness to a specific value,  including the effects from a level symbol's ability, apply in timestamp  order. The timestamp of each level symbol's ability is the same as the  timestamp of the leveler itself, regardless of when the most recent  level counter was put on it."},{"data":"6\/15\/2010","texto":" Effects that modify a leveler's power or toughness, such as the  effects of Giant Growth or Glorious Anthem, will apply to it no matter  when they started to take effect. The same is true for counters that  change the creature's power or toughness (such as +1\/+1 counters) and  effects that switch its power and toughness."},{"data":"6\/15\/2010","texto":" If another creature becomes a copy of a leveler, all of the leveler's  printed abilities -- including those represented by level symbols -- are  copied. The current characteristics of the leveler, and the number of  level counters on it, are not. The abilities, power, and toughness of  the copy will be determined based on how many level counters are on the  copy."},{"data":"6\/15\/2010","texto":" A creature's level is based on how many level counters it has on it,  not how many times its level up ability has been activated or has  resolved. If a leveler gets level counters due to some other effect  (such as Clockspinning) or loses level counters for some reason (such as  Vampire Hexmage), its level is changed accordingly."}]},"27":{"numero":27,"sigla_edicao":"mbp","edicao":"Media Inserts","cod":"27mbpit","idioma":"it","nome":"Nissa Revane","ataque":"","resistencia":"","lealdade":"2","mana":"2GG","mana_convertida":"4","raridade":"Special","artista":"Jaime Jones","link":"http:\/\/magiccards.info\/mbp\/it\/27.html","imagem_src":"http:\/\/magiccards.info\/scans\/it\/mbp\/27.jpg","imagem_local":"mbp\/it\/27.jpg","descricao":"+1: Passa in rassegna il tuo grimorio per una carta chiamata Prescelto di Nissa e mettila sul campo di battaglia. Poi rimescola il tuo grimorio.\r\n\r\n+1: Guadagni 2 punti vita per ogni Elfo che controlli.\r\n\r\n-7: Passa in rassegna il tuo grimorio per un qualsiasi numero di carte creatura Elfo e mettile sul campo di battaglia. Poi rimescola il tuo grimorio.","texto":"","tipos":["Nissa","Planeswalker"],"legalidade":["Legal in Vintage (Type 1)","Legal in Legacy (Type 1.5)","Legal in Classic (MTGO)","Legal in Commander","Legal in Modern"],"regras":[{"data":"10\/1\/2009","texto":" You may activate Nissa's first ability even if you know you have no cards named Nissa's Chosen in your library. You must still shuffle your library in that situation."},{"data":"10\/1\/2009","texto":" You may activate Nissa's second ability even if you control no Elves."},{"data":"7\/1\/2013","texto":" Planeswalkers are permanents. You can cast one at the time you could cast a sorcery. When your planeswalker spell resolves, it enters the battlefield under your control."},{"data":"7\/1\/2013","texto":" Planeswalkers are not creatures. Spells and abilities that affect creatures won\u2019t affect them."},{"data":"7\/1\/2013","texto":" Planeswalkers have loyalty. A planeswalker enters the battlefield with a number of loyalty counters on it equal to the number printed in its lower right corner. Activating one of its abilities may cause it to gain or lose loyalty counters. Damage dealt to a planeswalker causes that many loyalty counters to be removed from it. If it has no loyalty counters on it, it\u2019s put into its owner\u2019s graveyard as a state-based action."},{"data":"7\/1\/2013","texto":" Planeswalkers each have a number of activated abilities called \u201cloyalty abilities.\u201d You can activate a loyalty ability of a planeswalker you control only at the time you could cast a sorcery and only if you haven\u2019t activated one of that planeswalker\u2019s loyalty abilities yet that turn."},{"data":"7\/1\/2013","texto":" The cost to activate a planeswalker\u2019s loyalty ability is represented by a symbol with a number inside. Up-arrows contain positive numbers, such as \u201c+1\u201d; this means \u201cPut one loyalty counter on this planeswalker.\u201d Down-arrows contain negative numbers, such as \u201c-7\u201d; this means \u201cRemove seven loyalty counters from this planeswalker.\u201d A symbol with a \u201c0\u201d means \u201cPut zero loyalty counters on this planeswalker.\u201d"},{"data":"7\/1\/2013","texto":" You can\u2019t activate a planeswalker\u2019s ability with a negative loyalty cost unless the planeswalker has at least that many loyalty counters on it."},{"data":"7\/1\/2013","texto":" Planeswalkers can\u2019t attack (unless an effect turns the planeswalker into a creature). However, they can be attacked. Each of your attacking creatures can attack your opponent or a planeswalker that player controls. You say which as you declare attackers."},{"data":"7\/1\/2013","texto":" If your planeswalkers are being attacked, you can block the attackers as normal."},{"data":"7\/1\/2013","texto":" If a creature that\u2019s attacking a planeswalker isn\u2019t blocked, it\u2019ll deal its combat damage to that planeswalker. Damage dealt to a planeswalker causes that many loyalty counters to be removed from it."},{"data":"7\/1\/2013","texto":" If a source you control would deal noncombat damage to an opponent, you may have that source deal that damage to a planeswalker that opponent controls instead. For example, although you can\u2019t target a planeswalker with Shock, you can target your opponent with Shock, and then as Shock resolves, choose to have Shock deal its 2 damage to one of your opponent\u2019s planeswalkers. (You can\u2019t split up that damage between different players and\/or planeswalkers.) If you have Shock deal its damage to a planeswalker, two loyalty counters are removed from it."},{"data":"7\/1\/2013","texto":" If a player controls two or more planeswalkers that share a planeswalker type, that player chooses one of them and the rest are put into their owners\u2019 graveyards as a state-based action."}]},"30":{"numero":30,"sigla_edicao":"mbp","edicao":"Media Inserts","cod":"30mbpit","idioma":"it","nome":"Liliana Vess","ataque":"","resistencia":"","lealdade":"5","mana":"3BB","mana_convertida":"5","raridade":"Special","artista":"Kekai Kotaki","link":"http:\/\/magiccards.info\/mbp\/it\/30.html","imagem_src":"http:\/\/magiccards.info\/scans\/it\/mbp\/30.jpg","imagem_local":"mbp\/it\/30.jpg","descricao":"+1: Un giocatore bersaglio scarta una carta.\r\n\r\n-2: Passa in rassegna il tuo grimorio per una carta, poi rimescola il tuo grimorio e metti quella carta in cima.\r\n\r\n-8: Metti sul campo di battaglia sotto il tuo controllo tutte le carte creatura in tutti i cimiteri.","texto":"","tipos":["Liliana","Planeswalker"],"legalidade":["Legal in Vintage (Type 1)","Legal in Legacy (Type 1.5)","Legal in Classic (MTGO)","Legal in Commander","Legal in Modern"],"regras":[{"data":"10\/1\/2009","texto":" A \"creature card\" is any card with the type Creature, even if it has other types such as Artifact, Enchantment, or Land. Older cards of type Summon are also Creature cards."},{"data":"7\/1\/2013","texto":" Planeswalkers are permanents. You can cast one at the time you could cast a sorcery. When your planeswalker spell resolves, it enters the battlefield under your control."},{"data":"7\/1\/2013","texto":" Planeswalkers are not creatures. Spells and abilities that affect creatures won\u2019t affect them."},{"data":"7\/1\/2013","texto":" Planeswalkers have loyalty. A planeswalker enters the battlefield with a number of loyalty counters on it equal to the number printed in its lower right corner. Activating one of its abilities may cause it to gain or lose loyalty counters. Damage dealt to a planeswalker causes that many loyalty counters to be removed from it. If it has no loyalty counters on it, it\u2019s put into its owner\u2019s graveyard as a state-based action."},{"data":"7\/1\/2013","texto":" Planeswalkers each have a number of activated abilities called \u201cloyalty abilities.\u201d You can activate a loyalty ability of a planeswalker you control only at the time you could cast a sorcery and only if you haven\u2019t activated one of that planeswalker\u2019s loyalty abilities yet that turn."},{"data":"7\/1\/2013","texto":" The cost to activate a planeswalker\u2019s loyalty ability is represented by a symbol with a number inside. Up-arrows contain positive numbers, such as \u201c+1\u201d; this means \u201cPut one loyalty counter on this planeswalker.\u201d Down-arrows contain negative numbers, such as \u201c-7\u201d; this means \u201cRemove seven loyalty counters from this planeswalker.\u201d A symbol with a \u201c0\u201d means \u201cPut zero loyalty counters on this planeswalker.\u201d"},{"data":"7\/1\/2013","texto":" You can\u2019t activate a planeswalker\u2019s ability with a negative loyalty cost unless the planeswalker has at least that many loyalty counters on it."},{"data":"7\/1\/2013","texto":" Planeswalkers can\u2019t attack (unless an effect turns the planeswalker into a creature). However, they can be attacked. Each of your attacking creatures can attack your opponent or a planeswalker that player controls. You say which as you declare attackers."},{"data":"7\/1\/2013","texto":" If your planeswalkers are being attacked, you can block the attackers as normal."},{"data":"7\/1\/2013","texto":" If a creature that\u2019s attacking a planeswalker isn\u2019t blocked, it\u2019ll deal its combat damage to that planeswalker. Damage dealt to a planeswalker causes that many loyalty counters to be removed from it."},{"data":"7\/1\/2013","texto":" If a source you control would deal noncombat damage to an opponent, you may have that source deal that damage to a planeswalker that opponent controls instead. For example, although you can\u2019t target a planeswalker with Shock, you can target your opponent with Shock, and then as Shock resolves, choose to have Shock deal its 2 damage to one of your opponent\u2019s planeswalkers. (You can\u2019t split up that damage between different players and\/or planeswalkers.) If you have Shock deal its damage to a planeswalker, two loyalty counters are removed from it."},{"data":"7\/1\/2013","texto":" If a player controls two or more planeswalkers that share a planeswalker type, that player chooses one of them and the rest are put into their owners\u2019 graveyards as a state-based action."}]}}}