{"cartas":{"16":{"numero":16,"sigla_edicao":"mbp","edicao":"Media Inserts","cod":"16mbpde","idioma":"de","nome":"Garruk Wildspeaker","ataque":"","resistencia":"","lealdade":"3","mana":"2GG","mana_convertida":"4","raridade":"Special","artista":"Nils Hamm","link":"http:\/\/magiccards.info\/mbp\/de\/16.html","imagem_src":"http:\/\/magiccards.info\/scans\/de\/mbp\/16.jpg","imagem_local":"mbp\/de\/16.jpg","descricao":"+1: Untap two target lands.\r\n\r\n-1: Put a 3\/3 green Beast creature token into play.\r\n\r\n-4: Creatures you control get +3\/+3 and gain trample until end of turn.","texto":"","tipos":["Garruk","Planeswalker"],"legalidade":["Legal in Vintage (Type 1)","Legal in Legacy (Type 1.5)","Legal in Classic (MTGO)","Legal in Commander","Legal in Modern"],"regras":[{"data":"10\/1\/2009","texto":" The first ability can target any two lands. They don't have to be tapped."},{"data":"10\/1\/2009","texto":" The third ability affects only creatures you control at the time it resolves. It won't affect creatures that come under your control later in the turn."},{"data":"7\/1\/2013","texto":" Planeswalkers are permanents. You can cast one at the time you could cast a sorcery. When your planeswalker spell resolves, it enters the battlefield under your control."},{"data":"7\/1\/2013","texto":" Planeswalkers are not creatures. Spells and abilities that affect creatures won\u2019t affect them."},{"data":"7\/1\/2013","texto":" Planeswalkers have loyalty. A planeswalker enters the battlefield with a number of loyalty counters on it equal to the number printed in its lower right corner. Activating one of its abilities may cause it to gain or lose loyalty counters. Damage dealt to a planeswalker causes that many loyalty counters to be removed from it. If it has no loyalty counters on it, it\u2019s put into its owner\u2019s graveyard as a state-based action."},{"data":"7\/1\/2013","texto":" Planeswalkers each have a number of activated abilities called \u201cloyalty abilities.\u201d You can activate a loyalty ability of a planeswalker you control only at the time you could cast a sorcery and only if you haven\u2019t activated one of that planeswalker\u2019s loyalty abilities yet that turn."},{"data":"7\/1\/2013","texto":" The cost to activate a planeswalker\u2019s loyalty ability is represented by a symbol with a number inside. Up-arrows contain positive numbers, such as \u201c+1\u201d; this means \u201cPut one loyalty counter on this planeswalker.\u201d Down-arrows contain negative numbers, such as \u201c-7\u201d; this means \u201cRemove seven loyalty counters from this planeswalker.\u201d A symbol with a \u201c0\u201d means \u201cPut zero loyalty counters on this planeswalker.\u201d"},{"data":"7\/1\/2013","texto":" You can\u2019t activate a planeswalker\u2019s ability with a negative loyalty cost unless the planeswalker has at least that many loyalty counters on it."},{"data":"7\/1\/2013","texto":" Planeswalkers can\u2019t attack (unless an effect turns the planeswalker into a creature). However, they can be attacked. Each of your attacking creatures can attack your opponent or a planeswalker that player controls. You say which as you declare attackers."},{"data":"7\/1\/2013","texto":" If your planeswalkers are being attacked, you can block the attackers as normal."},{"data":"7\/1\/2013","texto":" If a creature that\u2019s attacking a planeswalker isn\u2019t blocked, it\u2019ll deal its combat damage to that planeswalker. Damage dealt to a planeswalker causes that many loyalty counters to be removed from it."},{"data":"7\/1\/2013","texto":" If a source you control would deal noncombat damage to an opponent, you may have that source deal that damage to a planeswalker that opponent controls instead. For example, although you can\u2019t target a planeswalker with Shock, you can target your opponent with Shock, and then as Shock resolves, choose to have Shock deal its 2 damage to one of your opponent\u2019s planeswalkers. (You can\u2019t split up that damage between different players and\/or planeswalkers.) If you have Shock deal its damage to a planeswalker, two loyalty counters are removed from it."},{"data":"7\/1\/2013","texto":" If a player controls two or more planeswalkers that share a planeswalker type, that player chooses one of them and the rest are put into their owners\u2019 graveyards as a state-based action."}]}}}