{"cartas":{"1":{"numero":1,"sigla_edicao":"mbp","edicao":"Media Inserts","cod":"1mbpes","idioma":"es","nome":"Arena","ataque":"","resistencia":"","lealdade":"","mana":"","mana_convertida":"","raridade":"Special","artista":"Rob Alexander","link":"http:\/\/magiccards.info\/mbp\/es\/1.html","imagem_src":"http:\/\/magiccards.info\/scans\/es\/mbp\/1.jpg","imagem_local":"mbp\/es\/1.jpg","descricao":"{3}, {T}: Tap target creature you control and target creature of an opponent's choice he or she controls. Each of those creatures deals damage equal to its power to the other.","texto":"","tipos":["Tierra"],"legalidade":["Legal in Vintage (Type 1)","Legal in Legacy (Type 1.5)","Legal in Classic (MTGO)","Legal in Commander","Legal in Modern"],"regras":[{"data":"10\/4\/2004","texto":" The power of the creatures when the effect resolves is used to determine how much damage is done."},{"data":"10\/4\/2004","texto":" In multiplayer games, you can choose a different opposing player each time it the ability is activated."},{"data":"10\/4\/2004","texto":" Either or both creatures can be tapped prior to using the ability and it still works."},{"data":"9\/25\/2006","texto":" If either target is illegal at the time the ability resolves (whether because it has left the battlefield, because it has gained Shroud or Protection, or for any other reason), the ability taps the remaining target, but no damage is dealt. If both targets are illegal, the ability is countered."}]},"2":{"numero":2,"sigla_edicao":"mbp","edicao":"Media Inserts","cod":"2mbpes","idioma":"es","nome":"Alcantarillas de Estark","ataque":"","resistencia":"","lealdade":"","mana":"2BB","mana_convertida":"4","raridade":"Special","artista":"Melissa Benson","link":"http:\/\/magiccards.info\/mbp\/es\/2.html","imagem_src":"http:\/\/magiccards.info\/scans\/es\/mbp\/2.jpg","imagem_local":"mbp\/es\/2.jpg","descricao":"Choose target creature. If it's attacking, it can't be blocked this turn. If it's blocking, prevent all combat damage that would be dealt this combat by it and each creature it's blocking.","texto":"","tipos":["Hechizo","instant\u00e1neo"],"legalidade":["Legal in Vintage (Type 1)","Legal in Legacy (Type 1.5)","Legal in Classic (MTGO)","Legal in Commander"],"regras":[{"data":"8\/1\/2008","texto":" This spell can target any creature. The check for whether that creature is attacking or blocking made on resolution, and it will have the appropriate effect at that time."},{"data":"8\/1\/2008","texto":" If the creature is neither an attacking creature nor a blocking creature at the time the spell resolves, it will have no effect."}]},"6":{"numero":6,"sigla_edicao":"mbp","edicao":"Media Inserts","cod":"6mbpes","idioma":"es","nome":"Cripta de man\u00e1","ataque":"","resistencia":"","lealdade":"","mana":"0","mana_convertida":"","raridade":"Special","artista":"Mark Tedin","link":"http:\/\/magiccards.info\/mbp\/es\/6.html","imagem_src":"http:\/\/magiccards.info\/scans\/es\/mbp\/6.jpg","imagem_local":"mbp\/es\/6.jpg","descricao":"At the beginning of your upkeep, flip a coin. If you lose the flip, Mana Crypt deals 3 damage to you.\r\n\r\n{T}: Add {2} to your mana pool.","texto":"","tipos":["Artefacto"],"legalidade":["Restricted in Vintage (Type 1)","Banned in Legacy (Type 1.5)","Restricted in Classic (MTGO)","Legal in Commander"],"regras":[""]},"7":{"numero":7,"sigla_edicao":"mbp","edicao":"Media Inserts","cod":"7mbpes","idioma":"es","nome":"Centauro Piesligeros","ataque":"2","resistencia":"2","lealdade":"","mana":"1RR","mana_convertida":"3","raridade":"Special","artista":"Anson Maddocks","link":"http:\/\/magiccards.info\/mbp\/es\/7.html","imagem_src":"http:\/\/magiccards.info\/scans\/es\/mbp\/7.jpg","imagem_local":"mbp\/es\/7.jpg","descricao":"Vigilance","texto":"Leales e impetuosos en el combate, los Piesligeros vagan porr las Tierras Verdes cerca del Mar Melifluo.","tipos":["centauro","Invocar"],"legalidade":["Legal in Vintage (Type 1)","Legal in Legacy (Type 1.5)","Legal in Classic (MTGO)","Legal in Commander"],"regras":[""]},"8":{"numero":8,"sigla_edicao":"mbp","edicao":"Media Inserts","cod":"8mbpes","idioma":"es","nome":"Tej\u00f3n gigante","ataque":"2","resistencia":"2","lealdade":"","mana":"1GG","mana_convertida":"3","raridade":"Special","artista":"Liz Danforth","link":"http:\/\/magiccards.info\/mbp\/es\/8.html","imagem_src":"http:\/\/magiccards.info\/scans\/es\/mbp\/8.jpg","imagem_local":"mbp\/es\/8.jpg","descricao":"Siempre que el Tej\u00f3n gigante bloquee, obtiene +2\/+2 hasta el final del turno.","texto":"La hechicera Mangasverdes pidi\u00f3 ayuda un Tej\u00f3n gigante paro combatir a Karli, el mago del desierto.","tipos":["tej\u00f3n","Invocar"],"legalidade":["Legal in Vintage (Type 1)","Legal in Legacy (Type 1.5)","Legal in Classic (MTGO)","Legal in Commander","Legal in Modern"],"regras":[""]}}}